handle,id,title,vendor,product_type,tags,price_min,price_max,url,images_count
ps012110-ps-coilover-for-honda-accord-98-02-acura-tl-01-03-cl,9050249232635,Coilover for Honda Accord 1998-2002 Acura TL 2001-2003 CL PS012110,FAPO,PS/PS+ Coilover,shoptok,19900,19900,https://www.fapomoto.com/products/ps012110-ps-coilover-for-honda-accord-98-02-acura-tl-01-03-cl,14
ps069210-ps-coilover-for-dodge-charger-2006-2010-srt-8,9050261750011,Coilover for Dodge Charger 2006-2010 SRT-8 PS069210,FAPO,PS/PS+ Coilover,,33200,33200,https://www.fapomoto.com/products/ps069210-ps-coilover-for-dodge-charger-2006-2010-srt-8,12
pf002020-pf-coilover-for-honda-civic-ex-lx-sedan-2006-2011,9051498905851,32-Level Damping Coilover for 2006-2011 Honda Civic Si EX LX Sedan PF002030,FAPO,PF Coilover,,49500,49500,https://www.fapomoto.com/products/pf002020-pf-coilover-for-honda-civic-ex-lx-sedan-2006-2011,18
pa095731-p3-off-road-rear-shock-for-toyota-tundar-2007-2021-4-8-lift,9051499036923,"P3 Off-road Rear Shock For Toyota Tundar 2007-2021, 4-8 in Lift PA095731",FAPO,P3 Off-road Shock,,15900,15900,https://www.fapomoto.com/products/pa095731-p3-off-road-rear-shock-for-toyota-tundar-2007-2021-4-8-lift,11
pa094630-p3-off-road-rear-shock-for-ford-f-150-2009-2022-4-7-5-lift,9051499167995,P3 Off-road Rear Shock For Ford F-150 2009-2022 4-7.5 in Lift PA094630,FAPO,P3 Off-road Shock,,15900,15900,https://www.fapomoto.com/products/pa094630-p3-off-road-rear-shock-for-ford-f-150-2009-2022-4-7-5-lift,12
pa067830-p3-off-road-front-shock-for-ford-f-250-super-duty-4wd-2005-2022-2-4-5-lift,9051499331835,"P3 Off-road  Front Shock for  Ford F-250 Super Duty 4WD 2005-2022, 2-4.5 in Lift PA067830",FAPO,P3 Off-road Shock,,14900,14900,https://www.fapomoto.com/products/pa067830-p3-off-road-front-shock-for-ford-f-250-super-duty-4wd-2005-2022-2-4-5-lift,13
pa067730-p3-off-road-rear-shock-for-ford-f-250-super-duty-4wd-1999-2016-2wd-2005-2006-with-ford-f-350-super-duty-2wd-1999-2016-2-4-5-lift,9051499495675,"P3 Off-road Rear Shock  For Ford F-250 Super Duty 4WD 1999-2016, 2WD 2005-2006, with Ford F-350 Super Duty 2WD 1999-2016 2-4.5 in Lift PA067730",FAPO,P3 Off-road Shock,,14900,14900,https://www.fapomoto.com/products/pa067730-p3-off-road-rear-shock-for-ford-f-250-super-duty-4wd-1999-2016-2wd-2005-2006-with-ford-f-350-super-duty-2wd-1999-2016-2-4-5-lift,13
pf012320-pf-coilover-for-honda-accord-03-07-acura-tsx-04-08,9051499626747,32-Level Damping Coilover for HONDA ACCORD 2003-2007 ACURA TSX 2004-2008 PF012320,FAPO,PF Coilover,,43900,43900,https://www.fapomoto.com/products/pf012320-pf-coilover-for-honda-accord-03-07-acura-tsx-04-08,16
pf006520-pf-coilover-for-bmw-3-series-f30-328i-335i-13-19-3-bolts-version,9051499790587,32-Level Damping Coilover for BMW 3-Series F30 328i 335i 2013-2019/BMW 4 Series 2013-2020 PF006530,FAPO,PF Coilover,,53200,53200,https://www.fapomoto.com/products/pf006520-pf-coilover-for-bmw-3-series-f30-328i-335i-13-19-3-bolts-version,20
pf002120-pf-coilover-for-honda-civic-si-2001-2005-em2-ep3,9051500085499,32-Level Damping Coilover for Honda Civic & SI 2001 -2005 EM2 EP3 PF002120,FAPO,PF Coilover,,49500,49500,https://www.fapomoto.com/products/pf002120-pf-coilover-for-honda-civic-si-2001-2005-em2-ep3,16
pf004120-pf-coilover-for-volkswagen-jetta-mk5-mk6-fwd-2006-2017,9051500249339,32-Level Damping Coilover for Volkswagen Jetta MK5 MK6 FWD 2006-2017 PF004120,FAPO,PF Coilover,,53200,53200,https://www.fapomoto.com/products/pf004120-pf-coilover-for-volkswagen-jetta-mk5-mk6-fwd-2006-2017,16
pf002420-pf-coilover-for-integra-1990-2001-honda-civic-1988-2000,9051500445947,32-Level Damping Coilover for HONDA CIVIC 1988-2000 INTEGRA 1990-2001 PF002420,FAPO,PF Coilover,,43900,43900,https://www.fapomoto.com/products/pf002420-pf-coilover-for-integra-1990-2001-honda-civic-1988-2000,17
fapo-turbo-manifold-for-08-15-mitsubishi-lancer-evolution-x-evo-10-4b11t-mr-gsr,9051501035771,FAPO Turbo Manifold for 08-15 Mitsubishi Lancer Evolution X EVO 10 4B11T MR GSR,FAPO,Header & manifold,,36900,36900,https://www.fapomoto.com/products/fapo-turbo-manifold-for-08-15-mitsubishi-lancer-evolution-x-evo-10-4b11t-mr-gsr,9
fapo-long-tube-header-1-7-8-for-07-13-chevy-gmc-silverado-sierra-1500-2500-hd,9051501199611,FAPO Long Tube Header 1-7/8  for 07-13 Chevy GMC Silverado Sierra 1500 2500 HD FE696240,FAPO,Header & manifold,,29900,29900,https://www.fapomoto.com/products/fapo-long-tube-header-1-7-8-for-07-13-chevy-gmc-silverado-sierra-1500-2500-hd,8
fapo-ls-swap-headers-cast-manifolds-for-c10-c1500-silverado-sierra-yukon-tahoe,9051501330683,FAPO LS Swap Headers Cast Manifolds for C10 C1500 Silverado Sierra Yukon Tahoe,FAPO,Header & manifold,,21900,21900,https://www.fapomoto.com/products/fapo-ls-swap-headers-cast-manifolds-for-c10-c1500-silverado-sierra-yukon-tahoe,8
fapo-shorty-headers-for-07-16-toyota-tundra-sequoia-5-7l-345-v8-304-ss-limited-sr5-trd,9051501494523,FAPO Shorty Headers for 07-16 Toyota Tundra Sequoia 5.7L 345 V8 304 SS Limited SR5 TRD,FAPO,Header & manifold,,21900,21900,https://www.fapomoto.com/products/fapo-shorty-headers-for-07-16-toyota-tundra-sequoia-5-7l-345-v8-304-ss-limited-sr5-trd,11
fapo-turbo-manifold-t3-for-83-89-ford-mustang-svo-thunderbird-mercury-cougar-xr-7-merkur-xr4ti-2-3l-side-mount,9051501658363,FAPO Turbo Manifold T3 for 83-89 Ford Mustang SVO Thunderbird Mercury Cougar XR-7 Merkur XR4Ti 2.3L Side Mount,FAPO,Header & manifold,,18900,18900,https://www.fapomoto.com/products/fapo-turbo-manifold-t3-for-83-89-ford-mustang-svo-thunderbird-mercury-cougar-xr-7-merkur-xr4ti-2-3l-side-mount,7
fapo-shorty-headers-for-97-03-ford-f150-5-4l-330-v8-xl-xlt-fx4-king-ranch-lariat,9051501854971,FAPO Shorty Headers for 97-03 Ford F150 5.4L 330 V8 XL XLT FX4 King Ranch Lariat,FAPO,Header & manifold,,21900,21900,https://www.fapomoto.com/products/fapo-shorty-headers-for-97-03-ford-f150-5-4l-330-v8-xl-xlt-fx4-king-ranch-lariat,10
fapo-single-turbo-manifold-for-toyota-supra-jza80-mk4-lexus-gs300-sc300-is300-2jzge-t4,9051502051579,FAPO Single Turbo Manifold for Toyota Supra JZA80 Mk4 Lexus GS300 SC300 IS300 2JZGE T4,FAPO,Header & manifold,,39900,39900,https://www.fapomoto.com/products/fapo-single-turbo-manifold-for-toyota-supra-jza80-mk4-lexus-gs300-sc300-is300-2jzge-t4,9
fapo-equal-length-t3-turbo-manifold-for-rb20det-rb25det-skyline-r31-r32-r33-r34-gts-gtr-44mm-wg-top-mount,9051502149883,FAPO Equal Length T3 Turbo Manifold for RB20DET RB25DET Skyline R31 R32 R33 R34 GTS GTR 44mm WG Top Mount,FAPO MOTO,Header & manifold,,45900,45900,https://www.fapomoto.com/products/fapo-equal-length-t3-turbo-manifold-for-rb20det-rb25det-skyline-r31-r32-r33-r34-gts-gtr-44mm-wg-top-mount,7
fapo-turbo-manifold-t3-for-chevy-gmc-big-block-bbc-366-396-402-427-454-v8-c10,9051502182651,FAPO Turbo Manifold T3 for Chevy GMC Big Block BBC 366 396 402 427 454 V8 C10,FAPO,Header & manifold,,20900,20900,https://www.fapomoto.com/products/fapo-turbo-manifold-t3-for-chevy-gmc-big-block-bbc-366-396-402-427-454-v8-c10,6
fapo-shorty-headers-for-2003-2008-dodge-ram-1500-2500-3500-hemi-v8-5-7l-345,9051502280955,FAPO Shorty Headers for 2003-2008 Dodge Ram 1500 2500 3500 Hemi V8 5.7L 345 FE696420-LX,FAPO,Header & manifold,,29900,29900,https://www.fapomoto.com/products/fapo-shorty-headers-for-2003-2008-dodge-ram-1500-2500-3500-hemi-v8-5-7l-345,10
fapo-turbo-for-12-18-land-rover-evoque-lr2-discovery-jaguar-xf-xe-ecoboost-2-0l,9051502346491,FAPO Turbo for 12-18 Land Rover Evoque LR2 Discovery Jaguar XF XE EcoBoost 2.0L,FAPO,Turbo,,46900,46900,https://www.fapomoto.com/products/fapo-turbo-for-12-18-land-rover-evoque-lr2-discovery-jaguar-xf-xe-ecoboost-2-0l,11
fapo-turbo-for-07-12-acura-rdx-k23a1-2-3l-2300do-vt-t-mitsubishi-td04hl-49389,9051502444795,FAPO Turbo for 07-12 Acura RDX K23A1 2.3L 2300DO-VT.T Mitsubishi TD04HL 49389,FAPO,Turbo,,72900,72900,https://www.fapomoto.com/products/fapo-turbo-for-07-12-acura-rdx-k23a1-2-3l-2300do-vt-t-mitsubishi-td04hl-49389,11
fapo-turbo-for-2011-2017-nissan-juke-1-6l-mr16ddt-14411-1kc1b-49335-00850-nismo,9051502510331,FAPO Turbo for 2011-2017 Nissan Juke 1.6L MR16DDT 14411-1KC1B 49335-00850 Nismo,FAPO,Turbo,,27000,27000,https://www.fapomoto.com/products/fapo-turbo-for-2011-2017-nissan-juke-1-6l-mr16ddt-14411-1kc1b-49335-00850-nismo,9
fapo-turbo-for-chevy-cobalt-hhr-pontiac-solstice-buick-regal-verano-sky-2-0-l850,9051502543099,FAPO Turbo for Chevy Cobalt HHR Pontiac Solstice Buick Regal Verano sky 2.0 L850,FAPO,Turbo,,33900,33900,https://www.fapomoto.com/products/fapo-turbo-for-chevy-cobalt-hhr-pontiac-solstice-buick-regal-verano-sky-2-0-l850,9
fapo-turbo-for-07-16-mini-cooper-s-clubman-countryman-paceman-r56-r57-r58-rcz-r,9051502575867,FAPO Turbo for 07-16 Mini Cooper S Clubman Countryman Paceman R56 R57 R58 RCZ R,FAPO,Turbo,,34900,34900,https://www.fapomoto.com/products/fapo-turbo-for-07-16-mini-cooper-s-clubman-countryman-paceman-r56-r57-r58-rcz-r,11
fapo-turbo-manifold-t3-for-chevy-pontiac-camaro-firebird-el-camino-chevelle-small-block-sbc-283-305-327-350-400-v8,9051502772475,FAPO Turbo Manifold T3 for Chevy Pontiac Camaro Firebird El Camino Chevelle Small Block SBC 283 305 327 350 400 V8,FAPO,Header & manifold,,20900,20900,https://www.fapomoto.com/products/fapo-turbo-manifold-t3-for-chevy-pontiac-camaro-firebird-el-camino-chevelle-small-block-sbc-283-305-327-350-400-v8,8
ps011310-ps-coilover-for-nissan-sentra-2000-2006,9051502838011,Coilover for Nissan Sentra 2000-2006 PS011310,FAPO,PS/PS+ Coilover,,28900,28900,https://www.fapomoto.com/products/ps011310-ps-coilover-for-nissan-sentra-2000-2006,14
ps013810-ps-coilover-for-mitsubishi-eclipse-2000-2005,9051502903547,Coilover for Mitsubishi Eclipse 2000-2005 PS013810,FAPO,PS/PS+ Coilover,,29900,29900,https://www.fapomoto.com/products/ps013810-ps-coilover-for-mitsubishi-eclipse-2000-2005,12
ps015810-ps-coilover-for-lexus-ls430-ucf30-xf30-2001-2006,9051502969083,Coilover for Lexus LS430 UCF30 XF30 2001-2006 PS015810,FAPO,PS/PS+ Coilover,,29900,29900,https://www.fapomoto.com/products/ps015810-ps-coilover-for-lexus-ls430-ucf30-xf30-2001-2006,14
ps035510-ps-coilovers-for-toyota-camry-xv20-1997-2001,9051503001851,Coilovers for Toyota Camry( XV20) 1997-2001 PS035510,FAPO,PS/PS+ Coilover,,32900,32900,https://www.fapomoto.com/products/ps035510-ps-coilovers-for-toyota-camry-xv20-1997-2001,14
ps003110-ps-coilovers-for-mitsubishi-eclipse-1995-1999,9051503034619,Coilovers for Mitsubishi Eclipse 1995-1999 PS003110,FAPO,PS/PS+ Coilover,,25900,25900,https://www.fapomoto.com/products/ps003110-ps-coilovers-for-mitsubishi-eclipse-1995-1999,14
ps022210-ps-coilover-for-honda-crv-cr-v-re-2007-1201,9051503067387,Coilover for Honda CRV CR-V 2007-2011 RE1-RE5/RE7 Adj Height PS022210,FAPO,PS/PS+ Coilover,shoptok,28800,28800,https://www.fapomoto.com/products/ps022210-ps-coilover-for-honda-crv-cr-v-re-2007-1201,13
ps029010-ps-coilover-for-hyundai-veloster-2012-2017,9051503100155,Coilover for Hyundai Veloster 2012-2017 PS029010,FAPO,PS/PS+ Coilover,,34900,34900,https://www.fapomoto.com/products/ps029010-ps-coilover-for-hyundai-veloster-2012-2017,12
ps056610-ps-coilover-for-mercedes-benz-w203-00-07-benz-clk-w209-02-09,9051503132923,Coilover for Mercedes Benz W203 00-07 Benz CLK W209 2002-2009 PS056610,FAPO,PS/PS+ Coilover,,32900,32900,https://www.fapomoto.com/products/ps056610-ps-coilover-for-mercedes-benz-w203-00-07-benz-clk-w209-02-09,11
ps016410-ps-coilover-for-bmw-m3-e90-92-93-07-11-adj-height,9051503165691,Coilover for BMW M3 E90/E92/E93 2007-2011 Adj Height PS016410,FAPO,PS/PS+ Coilover,,29900,29900,https://www.fapomoto.com/products/ps016410-ps-coilover-for-bmw-m3-e90-92-93-07-11-adj-height,12
ps006810-ps-coilover-for-bmw-5-series-rwd-e39-m5-97-03-adj-height,9051503198459,Coilover for BMW 5 Series RWD E39 M5 1997-2003 Adj Height PS006810,FAPO,PS/PS+ Coilover,,29900,29900,https://www.fapomoto.com/products/ps006810-ps-coilover-for-bmw-5-series-rwd-e39-m5-97-03-adj-height,10
ps006410-ps-coilover-for-bmw-3-series-e90-e91-e92-rwd-06-13-adj-height,9051503231227,Coilover for BMW 3-Series E90 E91 E92 RWD 2006-2013 Adj Height PS006410,FAPO,PS/PS+ Coilover,,33900,33900,https://www.fapomoto.com/products/ps006410-ps-coilover-for-bmw-3-series-e90-e91-e92-rwd-06-13-adj-height,10
ps006010-ps-coilover-for-bmw-e36-3-series-rwd-92-99-adj-height,9051503263995,Coilover for BMW E36 3 Series RWD 1992-1999 Adj Height PS006010,FAPO,PS/PS+ Coilover,,27900,27900,https://www.fapomoto.com/products/ps006010-ps-coilover-for-bmw-e36-3-series-rwd-92-99-adj-height,10
ps007610-ps-coilover-for-mazda-rx-8-2004-2011-adj-height,9051503329531,Coilover for Mazda RX-8 2004-2011 Adj Height PS007610,FAPO,PS/PS+ Coilover,,26900,26900,https://www.fapomoto.com/products/ps007610-ps-coilover-for-mazda-rx-8-2004-2011-adj-height,12
ps007210-ps-coilover-for-mazda-rx-7-fc3s-87-91-adj-height,9051503362299,Coilover for Mazda RX-7 FC3S 1987-1991 Adj Height PS007210,FAPO,PS/PS+ Coilover,,23900,23900,https://www.fapomoto.com/products/ps007210-ps-coilover-for-mazda-rx-7-fc3s-87-91-adj-height,17
ps000110-ps-coilover-for-subaru-impreza-02-07-wrx-gdb-04-sti,9051503395067,Coilover for Subaru Impreza 02-07 WRX GDB 04 STI PS000110,FAPO,PS/PS+ Coilover,,25900,25900,https://www.fapomoto.com/products/ps000110-ps-coilover-for-subaru-impreza-02-07-wrx-gdb-04-sti,17
ps001310-ps-coilover-for-nissan-s14-240sx-silvia-1995-1998,9051503427835,Coilover for Nissan S14 240SX Silvia 1995-1998 PS001310,FAPO,PS/PS+ Coilover,,23900,23900,https://www.fapomoto.com/products/ps001310-ps-coilover-for-nissan-s14-240sx-silvia-1995-1998,16
ps001210-ps-coilover-for-nissan-s13-240sx-silvia-1989-1994-adj-height,9051503460603,Coilover for Nissan S13 240SX Silvia 1989-1994 Adj Height PS001210,FAPO,PS/PS+ Coilover,,24900,24900,https://www.fapomoto.com/products/ps001210-ps-coilover-for-nissan-s13-240sx-silvia-1989-1994-adj-height,11
ps015410-ps-coilover-for-lexus-99-05-is200-is300-shock-absorber-adj-height,9051503493371,Coilover for Lexus 1999-2005 IS200/IS300 Shock Absorber Adj height PS015410,FAPO,PS/PS+ Coilover,,25900,25900,https://www.fapomoto.com/products/ps015410-ps-coilover-for-lexus-99-05-is200-is300-shock-absorber-adj-height,14
ps065610-ps-coilover-for-scion-tc-11-16-agt20,9051503526139,Coilover for Scion TC 2011-2016 AGT20/Toyota Prius 2008-2015 PS065610,FAPO,PS/PS+ Coilover,shoptok,33900,33900,https://www.fapomoto.com/products/ps065610-ps-coilover-for-scion-tc-11-16-agt20,12
ps003610-ps-coilover-for-mitsubishi-lancer-es-sedan-2008-2016,9051503624443,Coilover for Lancer 9th Gen 2007 - 2020  PS003610,FAPO,PS/PS+ Coilover,,29900,29900,https://www.fapomoto.com/products/ps003610-ps-coilover-for-mitsubishi-lancer-es-sedan-2008-2016,11
ps004110-ps-coilover-for-volkswagen-jetta-mk5-mk6-fwd-2006-2017,9051503788283,Coilover for Volkswagen Jetta MK5 MK6 FWD 2006-2017 PS004110,FAPO,PS/PS+ Coilover,,27900,27900,https://www.fapomoto.com/products/ps004110-ps-coilover-for-volkswagen-jetta-mk5-mk6-fwd-2006-2017,9
ps025410-ps-coilover-for-toyota-corolla-03-08-e120-adj-height,9051503821051,Coilover for Toyota Corolla 2003-2008 E120 Adj Height PS025410,FAPO,PS/PS+ Coilover,,30900,30900,https://www.fapomoto.com/products/ps025410-ps-coilover-for-toyota-corolla-03-08-e120-adj-height,12
ps025710-ps-coilover-for-toyota-corolla-09-18-adj-height,9051503853819,Coilover for Toyota Corolla 2009-2018 Adj Height PS025710,FAPO,PS/PS+ Coilover,shoptok,29900,29900,https://www.fapomoto.com/products/ps025710-ps-coilover-for-toyota-corolla-09-18-adj-height,12
ps012610-ps-coilover-for-honda-accord-13-17-acura-tlx-15-20,9051503886587,Coilover for Honda Accord 2013-2017 Acura TLX 15-20 PS012610,FAPO,PS/PS+ Coilover,shoptok,28800,28800,https://www.fapomoto.com/products/ps012610-ps-coilover-for-honda-accord-13-17-acura-tlx-15-20,12
ps007310-ps-coilover-for-mazda-miata-mx5-na-nb-1990-2005,9051503919355,Coilover for Mazda Miata MX5 NA NB 1990-2005 PS007310,FAPO,PS/PS+ Coilover,,24900,24900,https://www.fapomoto.com/products/ps007310-ps-coilover-for-mazda-miata-mx5-na-nb-1990-2005,12
ps021110-ps-coilover-for-nissan-maxima-a35-a36-2009-2020,9051503952123,Coilover for Nissan Maxima A35 A36 2009-2020 PS021110,FAPO,PS/PS+ Coilover,,29900,29900,https://www.fapomoto.com/products/ps021110-ps-coilover-for-nissan-maxima-a35-a36-2009-2020,13
